"","doiy4","rate_region","region2","doim"
"1","1992","8.1",1,1
"2","1992","8.2",1,2
"3","1992","8.2",1,3
"4","1992","8.2",1,4
"5","1992","8.2",1,5
"6","1992","8.3",1,6
"7","1992","8.3",1,7
"8","1992","8.4",1,8
"9","1992","8.5",1,9
"10","1992","8.6",1,10
"11","1992","8.7",1,11
"12","1992","9.0",1,12
"13","1993","8.9",1,1
"14","1993","8.9",1,2
"15","1993","8.9",1,3
"16","1993","9.0",1,4
"17","1993","9.0",1,5
"18","1993","9.1",1,6
"19","1993","9.0",1,7
"20","1993","9.0",1,8
"21","1993","9.0",1,9
"22","1993","9.0",1,10
"23","1993","8.9",1,11
"24","1993","8.8",1,12
"25","1994","8.9",1,1
"26","1994","8.8",1,2
"27","1994","8.7",1,3
"28","1994","8.6",1,4
"29","1994","8.6",1,5
"30","1994","8.6",1,6
"31","1994","8.5",1,7
"32","1994","8.4",1,8
"33","1994","8.3",1,9
"34","1994","8.3",1,10
"35","1994","8.3",1,11
"36","1994","8.2",1,12
"37","1995","8.1",1,1
"38","1995","8.0",1,2
"39","1995","8.0",1,3
"40","1995","8.0",1,4
"41","1995","7.9",1,5
"42","1995","7.9",1,6
"43","1995","7.8",1,7
"44","1995","7.8",1,8
"45","1995","7.7",1,9
"46","1995","7.7",1,10
"47","1995","7.7",1,11
"48","1995","7.7",1,12
"49","1996","7.5",1,1
"50","1996","7.6",1,2
"51","1996","7.5",1,3
"52","1996","7.5",1,4
"53","1996","7.4",1,5
"54","1996","7.3",1,6
"55","1996","7.2",1,7
"56","1996","7.1",1,8
"57","1996","6.9",1,9
"58","1996","6.8",1,10
"59","1996","6.5",1,11
"60","1996","6.4",1,12
"61","1997","6.2",1,1
"62","1997","6.0",1,2
"63","1997","6.0",1,3
"64","1997","5.9",1,4
"65","1997","5.8",1,5
"66","1997","5.7",1,6
"67","1997","5.7",1,7
"68","1997","5.7",1,8
"69","1997","5.6",1,9
"70","1997","5.6",1,10
"71","1997","5.4",1,11
"72","1997","5.4",1,12
"73","1998","5.4",1,1
"74","1998","5.3",1,2
"75","1998","5.2",1,3
"76","1998","5.2",1,4
"77","1998","5.1",1,5
"78","1998","5.0",1,6
"79","1998","5.0",1,7
"80","1998","5.0",1,8
"81","1998","5.0",1,9
"82","1998","5.1",1,10
"83","1998","5.1",1,11
"84","1998","5.1",1,12
"85","1999","5.1",1,1
"86","1999","5.1",1,2
"87","1999","5.1",1,3
"88","1999","5.1",1,4
"89","1999","5.0",1,5
"90","1999","5.0",1,6
"91","1999","5.0",1,7
"92","1999","4.9",1,8
"93","1999","4.9",1,9
"94","1999","4.7",1,10
"95","1999","4.7",1,11
"96","1999","4.6",1,12
"97","2000","4.7",1,1
"98","2000","4.7",1,2
"99","2000","4.7",1,3
"100","2000","4.5",1,4
"101","2000","4.6",1,5
"102","2000","4.5",1,6
"103","2000","4.4",1,7
"104","2000","4.4",1,8
"105","2000","4.3",1,9
"106","2000","4.3",1,10
"107","2000","4.3",1,11
"108","2000","4.2",1,12
"109","2001","4.1",1,1
"110","2001","4.0",1,2
"111","2001","4.0",1,3
"112","2001","3.9",1,4
"113","2001","3.9",1,5
"114","2001","3.8",1,6
"115","2001","3.8",1,7
"116","2001","3.8",1,8
"117","2001","3.7",1,9
"118","2001","3.8",1,10
"119","2001","3.8",1,11
"120","2001","3.8",1,12
"121","2002","3.7",1,1
"122","2002","3.7",1,2
"123","2002","3.7",1,3
"124","2002","3.6",1,4
"125","2002","3.6",1,5
"126","2002","3.6",1,6
"127","2002","3.6",1,7
"128","2002","3.6",1,8
"129","2002","3.5",1,9
"130","2002","3.4",1,10
"131","2002","3.4",1,11
"132","2002","3.4",1,12
"133","2003","3.4",1,1
"134","2003","3.4",1,2
"135","2003","3.3",1,3
"136","2003","3.3",1,4
"137","2003","3.4",1,5
"138","2003","3.3",1,6
"139","2003","3.2",1,7
"140","2003","3.2",1,8
"141","2003","3.2",1,9
"142","2003","3.1",1,10
"143","2003","3.1",1,11
"144","2003","3.1",1,12
"145","2004","3.0",1,1
"146","2004","3.0",1,2
"147","2004","2.9",1,3
"148","2004","2.9",1,4
"149","2004","2.9",1,5
"150","2004","2.8",1,6
"151","2004","2.8",1,7
"152","2004","2.7",1,8
"153","2004","2.7",1,9
"154","2004","2.8",1,10
"155","2004","2.7",1,11
"156","2004","2.7",1,12
"157","2005","2.7",1,1
"158","2005","2.7",1,2
"159","2005","2.7",1,3
"160","2005","2.7",1,4
"161","2005","2.8",1,5
"162","2005","2.8",1,6
"163","2005","2.8",1,7
"164","2005","2.8",1,8
"165","2005","2.9",1,9
"166","2005","2.9",1,10
"167","2005","2.9",1,11
"168","2005","2.9",1,12
"169","2006","2.9",1,1
"170","2006","2.9",1,2
"171","2006","3.0",1,3
"172","2006","3.0",1,4
"173","2006","3.0",1,5
"174","2006","3.1",1,6
"175","2006","3.1",1,7
"176","2006","3.1",1,8
"177","2006","3.1",1,9
"178","2006","3.1",1,10
"179","2006","3.1",1,11
"180","2006","3.1",1,12
"181","2007","3.1",1,1
"182","2007","3.1",1,2
"183","2007","3.0",1,3
"184","2007","3.0",1,4
"185","2007","3.0",1,5
"186","2007","3.0",1,6
"187","2007","3.0",1,7
"188","2007","2.9",1,8
"189","2007","2.9",1,9
"190","2007","2.9",1,10
"191","2007","2.9",1,11
"192","2007","2.8",1,12
"193","2008","2.8",1,1
"194","2008","2.8",1,2
"195","2008","2.8",1,3
"196","2008","2.9",1,4
"197","2008","3.0",1,5
"198","2008","3.0",1,6
"199","2008","3.1",1,7
"200","2008","3.3",1,8
"201","2008","3.4",1,9
"202","2008","3.6",1,10
"203","2008","3.8",1,11
"204","2008","4.1",1,12
"205","2009","4.3",1,1
"206","2009","4.7",1,2
"207","2009","4.8",1,3
"208","2009","5.0",1,4
"209","1992","7.5",2,1
"210","1992","7.6",2,2
"211","1992","7.7",2,3
"212","1992","7.7",2,4
"213","1992","7.8",2,5
"214","1992","7.8",2,6
"215","1992","7.8",2,7
"216","1992","7.9",2,8
"217","1992","7.9",2,9
"218","1992","8.0",2,10
"219","1992","8.0",2,11
"220","1992","8.2",2,12
"221","1993","8.1",2,1
"222","1993","8.0",2,2
"223","1993","8.0",2,3
"224","1993","8.0",2,4
"225","1993","8.0",2,5
"226","1993","7.9",2,6
"227","1993","7.8",2,7
"228","1993","7.9",2,8
"229","1993","7.8",2,9
"230","1993","7.7",2,10
"231","1993","7.6",2,11
"232","1993","7.6",2,12
"233","1994","7.6",2,1
"234","1994","7.5",2,2
"235","1994","7.4",2,3
"236","1994","7.3",2,4
"237","1994","7.3",2,5
"238","1994","7.2",2,6
"239","1994","7.1",2,7
"240","1994","7.0",2,8
"241","1994","6.9",2,9
"242","1994","6.8",2,10
"243","1994","6.7",2,11
"244","1994","6.6",2,12
"245","1995","6.5",2,1
"246","1995","6.5",2,2
"247","1995","6.4",2,3
"248","1995","6.3",2,4
"249","1995","6.3",2,5
"250","1995","6.3",2,6
"251","1995","6.2",2,7
"252","1995","6.1",2,8
"253","1995","6.0",2,9
"254","1995","6.1",2,10
"255","1995","6.1",2,11
"256","1995","6.0",2,12
"257","1996","6.0",2,1
"258","1996","6.0",2,2
"259","1996","6.0",2,3
"260","1996","6.0",2,4
"261","1996","5.9",2,5
"262","1996","5.9",2,6
"263","1996","5.8",2,7
"264","1996","5.8",2,8
"265","1996","5.7",2,9
"266","1996","5.6",2,10
"267","1996","5.3",2,11
"268","1996","5.3",2,12
"269","1997","5.1",2,1
"270","1997","5.0",2,2
"271","1997","4.8",2,3
"272","1997","4.7",2,4
"273","1997","4.6",2,5
"274","1997","4.4",2,6
"275","1997","4.4",2,7
"276","1997","4.3",2,8
"277","1997","4.2",2,9
"278","1997","4.2",2,10
"279","1997","4.1",2,11
"280","1997","4.0",2,12
"281","1998","4.0",2,1
"282","1998","3.9",2,2
"283","1998","3.9",2,3
"284","1998","3.9",2,4
"285","1998","3.8",2,5
"286","1998","3.8",2,6
"287","1998","3.8",2,7
"288","1998","3.8",2,8
"289","1998","3.8",2,9
"290","1998","3.8",2,10
"291","1998","3.8",2,11
"292","1998","3.7",2,12
"293","1999","3.7",2,1
"294","1999","3.7",2,2
"295","1999","3.7",2,3
"296","1999","3.7",2,4
"297","1999","3.6",2,5
"298","1999","3.6",2,6
"299","1999","3.6",2,7
"300","1999","3.6",2,8
"301","1999","3.6",2,9
"302","1999","3.5",2,10
"303","1999","3.5",2,11
"304","1999","3.4",2,12
"305","2000","3.4",2,1
"306","2000","3.4",2,2
"307","2000","3.4",2,3
"308","2000","3.3",2,4
"309","2000","3.2",2,5
"310","2000","3.2",2,6
"311","2000","3.2",2,7
"312","2000","3.1",2,8
"313","2000","3.1",2,9
"314","2000","3.1",2,10
"315","2000","3.0",2,11
"316","2000","3.0",2,12
"317","2001","3.0",2,1
"318","2001","2.9",2,2
"319","2001","2.9",2,3
"320","2001","2.9",2,4
"321","2001","2.9",2,5
"322","2001","2.9",2,6
"323","2001","2.8",2,7
"324","2001","2.8",2,8
"325","2001","2.8",2,9
"326","2001","2.8",2,10
"327","2001","2.8",2,11
"328","2001","2.9",2,12
"329","2002","2.8",2,1
"330","2002","2.8",2,2
"331","2002","2.8",2,3
"332","2002","2.8",2,4
"333","2002","2.7",2,5
"334","2002","2.7",2,6
"335","2002","2.7",2,7
"336","2002","2.7",2,8
"337","2002","2.7",2,9
"338","2002","2.7",2,10
"339","2002","2.7",2,11
"340","2002","2.7",2,12
"341","2003","2.7",2,1
"342","2003","2.6",2,2
"343","2003","2.6",2,3
"344","2003","2.6",2,4
"345","2003","2.6",2,5
"346","2003","2.6",2,6
"347","2003","2.6",2,7
"348","2003","2.5",2,8
"349","2003","2.5",2,9
"350","2003","2.5",2,10
"351","2003","2.5",2,11
"352","2003","2.4",2,12
"353","2004","2.4",2,1
"354","2004","2.4",2,2
"355","2004","2.3",2,3
"356","2004","2.3",2,4
"357","2004","2.3",2,5
"358","2004","2.2",2,6
"359","2004","2.2",2,7
"360","2004","2.2",2,8
"361","2004","2.2",2,9
"362","2004","2.2",2,10
"363","2004","2.2",2,11
"364","2004","2.2",2,12
"365","2005","2.1",2,1
"366","2005","2.1",2,2
"367","2005","2.2",2,3
"368","2005","2.2",2,4
"369","2005","2.3",2,5
"370","2005","2.3",2,6
"371","2005","2.3",2,7
"372","2005","2.3",2,8
"373","2005","2.4",2,9
"374","2005","2.4",2,10
"375","2005","2.4",2,11
"376","2005","2.4",2,12
"377","2006","2.5",2,1
"378","2006","2.5",2,2
"379","2006","2.5",2,3
"380","2006","2.6",2,4
"381","2006","2.6",2,5
"382","2006","2.6",2,6
"383","2006","2.6",2,7
"384","2006","2.6",2,8
"385","2006","2.6",2,9
"386","2006","2.7",2,10
"387","2006","2.6",2,11
"388","2006","2.6",2,12
"389","2007","2.6",2,1
"390","2007","2.5",2,2
"391","2007","2.5",2,3
"392","2007","2.5",2,4
"393","2007","2.4",2,5
"394","2007","2.4",2,6
"395","2007","2.4",2,7
"396","2007","2.4",2,8
"397","2007","2.4",2,9
"398","2007","2.4",2,10
"399","2007","2.4",2,11
"400","2007","2.4",2,12
"401","2008","2.3",2,1
"402","2008","2.3",2,2
"403","2008","2.3",2,3
"404","2008","2.4",2,4
"405","2008","2.4",2,5
"406","2008","2.5",2,6
"407","2008","2.6",2,7
"408","2008","2.7",2,8
"409","2008","2.8",2,9
"410","2008","2.9",2,10
"411","2008","3.2",2,11
"412","2008","3.4",2,12
"413","2009","3.5",2,1
"414","2009","3.9",2,2
"415","2009","4.1",2,3
"416","2009","4.2",2,4
"417","1992","7.1",3,1
"418","1992","7.2",3,2
"419","1992","7.2",3,3
"420","1992","7.2",3,4
"421","1992","7.3",3,5
"422","1992","7.3",3,6
"423","1992","7.4",3,7
"424","1992","7.5",3,8
"425","1992","7.6",3,9
"426","1992","7.6",3,10
"427","1992","7.8",3,11
"428","1992","8.0",3,12
"429","1993","7.9",3,1
"430","1993","7.9",3,2
"431","1993","7.9",3,3
"432","1993","7.9",3,4
"433","1993","7.8",3,5
"434","1993","7.8",3,6
"435","1993","7.7",3,7
"436","1993","7.7",3,8
"437","1993","7.7",3,9
"438","1993","7.6",3,10
"439","1993","7.5",3,11
"440","1993","7.4",3,12
"441","1994","7.5",3,1
"442","1994","7.4",3,2
"443","1994","7.4",3,3
"444","1994","7.3",3,4
"445","1994","7.2",3,5
"446","1994","7.2",3,6
"447","1994","7.1",3,7
"448","1994","7.0",3,8
"449","1994","7.0",3,9
"450","1994","6.9",3,10
"451","1994","6.8",3,11
"452","1994","6.7",3,12
"453","1995","6.7",3,1
"454","1995","6.7",3,2
"455","1995","6.6",3,3
"456","1995","6.6",3,4
"457","1995","6.6",3,5
"458","1995","6.6",3,6
"459","1995","6.5",3,7
"460","1995","6.5",3,8
"461","1995","6.4",3,9
"462","1995","6.4",3,10
"463","1995","6.4",3,11
"464","1995","6.4",3,12
"465","1996","6.3",3,1
"466","1996","6.4",3,2
"467","1996","6.3",3,3
"468","1996","6.3",3,4
"469","1996","6.2",3,5
"470","1996","6.1",3,6
"471","1996","6.0",3,7
"472","1996","6.0",3,8
"473","1996","5.9",3,9
"474","1996","5.8",3,10
"475","1996","5.5",3,11
"476","1996","5.5",3,12
"477","1997","5.3",3,1
"478","1997","5.2",3,2
"479","1997","5.1",3,3
"480","1997","4.9",3,4
"481","1997","4.9",3,5
"482","1997","4.7",3,6
"483","1997","4.7",3,7
"484","1997","4.7",3,8
"485","1997","4.6",3,9
"486","1997","4.5",3,10
"487","1997","4.5",3,11
"488","1997","4.4",3,12
"489","1998","4.4",3,1
"490","1998","4.3",3,2
"491","1998","4.3",3,3
"492","1998","4.3",3,4
"493","1998","4.3",3,5
"494","1998","4.3",3,6
"495","1998","4.3",3,7
"496","1998","4.3",3,8
"497","1998","4.2",3,9
"498","1998","4.2",3,10
"499","1998","4.2",3,11
"500","1998","4.1",3,12
"501","1999","4.1",3,1
"502","1999","4.1",3,2
"503","1999","4.1",3,3
"504","1999","4.1",3,4
"505","1999","4.0",3,5
"506","1999","4.0",3,6
"507","1999","3.9",3,7
"508","1999","3.8",3,8
"509","1999","3.8",3,9
"510","1999","3.8",3,10
"511","1999","3.7",3,11
"512","1999","3.7",3,12
"513","2000","3.6",3,1
"514","2000","3.6",3,2
"515","2000","3.6",3,3
"516","2000","3.5",3,4
"517","2000","3.5",3,5
"518","2000","3.4",3,6
"519","2000","3.3",3,7
"520","2000","3.3",3,8
"521","2000","3.3",3,9
"522","2000","3.3",3,10
"523","2000","3.2",3,11
"524","2000","3.2",3,12
"525","2001","3.2",3,1
"526","2001","3.2",3,2
"527","2001","3.1",3,3
"528","2001","3.1",3,4
"529","2001","3.1",3,5
"530","2001","3.0",3,6
"531","2001","3.0",3,7
"532","2001","3.0",3,8
"533","2001","3.0",3,9
"534","2001","2.9",3,10
"535","2001","2.9",3,11
"536","2001","2.9",3,12
"537","2002","2.9",3,1
"538","2002","2.8",3,2
"539","2002","2.8",3,3
"540","2002","2.8",3,4
"541","2002","2.8",3,5
"542","2002","2.8",3,6
"543","2002","2.8",3,7
"544","2002","2.8",3,8
"545","2002","2.8",3,9
"546","2002","2.7",3,10
"547","2002","2.7",3,11
"548","2002","2.7",3,12
"549","2003","2.7",3,1
"550","2003","2.7",3,2
"551","2003","2.7",3,3
"552","2003","2.6",3,4
"553","2003","2.7",3,5
"554","2003","2.7",3,6
"555","2003","2.6",3,7
"556","2003","2.6",3,8
"557","2003","2.6",3,9
"558","2003","2.5",3,10
"559","2003","2.5",3,11
"560","2003","2.4",3,12
"561","2004","2.4",3,1
"562","2004","2.4",3,2
"563","2004","2.3",3,3
"564","2004","2.3",3,4
"565","2004","2.3",3,5
"566","2004","2.2",3,6
"567","2004","2.2",3,7
"568","2004","2.2",3,8
"569","2004","2.2",3,9
"570","2004","2.2",3,10
"571","2004","2.2",3,11
"572","2004","2.1",3,12
"573","2005","2.1",3,1
"574","2005","2.1",3,2
"575","2005","2.2",3,3
"576","2005","2.2",3,4
"577","2005","2.3",3,5
"578","2005","2.3",3,6
"579","2005","2.3",3,7
"580","2005","2.3",3,8
"581","2005","2.4",3,9
"582","2005","2.4",3,10
"583","2005","2.5",3,11
"584","2005","2.5",3,12
"585","2006","2.5",3,1
"586","2006","2.6",3,2
"587","2006","2.6",3,3
"588","2006","2.6",3,4
"589","2006","2.6",3,5
"590","2006","2.7",3,6
"591","2006","2.7",3,7
"592","2006","2.7",3,8
"593","2006","2.7",3,9
"594","2006","2.7",3,10
"595","2006","2.7",3,11
"596","2006","2.6",3,12
"597","2007","2.6",3,1
"598","2007","2.5",3,2
"599","2007","2.5",3,3
"600","2007","2.5",3,4
"601","2007","2.4",3,5
"602","2007","2.4",3,6
"603","2007","2.4",3,7
"604","2007","2.4",3,8
"605","2007","2.4",3,9
"606","2007","2.3",3,10
"607","2007","2.3",3,11
"608","2007","2.3",3,12
"609","2008","2.2",3,1
"610","2008","2.2",3,2
"611","2008","2.2",3,3
"612","2008","2.2",3,4
"613","2008","2.3",3,5
"614","2008","2.4",3,6
"615","2008","2.5",3,7
"616","2008","2.7",3,8
"617","2008","2.8",3,9
"618","2008","3.0",3,10
"619","2008","3.2",3,11
"620","2008","3.5",3,12
"621","2009","3.6",3,1
"622","2009","4.0",3,2
"623","2009","4.2",3,3
"624","2009","4.4",3,4
"625","1992","6.2",4,1
"626","1992","6.4",4,2
"627","1992","6.4",4,3
"628","1992","6.5",4,4
"629","1992","6.6",4,5
"630","1992","6.6",4,6
"631","1992","6.7",4,7
"632","1992","6.7",4,8
"633","1992","6.8",4,9
"634","1992","6.9",4,10
"635","1992","7.1",4,11
"636","1992","7.3",4,12
"637","1993","7.2",4,1
"638","1993","7.1",4,2
"639","1993","7.1",4,3
"640","1993","7.1",4,4
"641","1993","7.1",4,5
"642","1993","7.0",4,6
"643","1993","7.0",4,7
"644","1993","7.0",4,8
"645","1993","7.0",4,9
"646","1993","6.9",4,10
"647","1993","6.8",4,11
"648","1993","6.8",4,12
"649","1994","6.7",4,1
"650","1994","6.7",4,2
"651","1994","6.7",4,3
"652","1994","6.6",4,4
"653","1994","6.5",4,5
"654","1994","6.5",4,6
"655","1994","6.4",4,7
"656","1994","6.3",4,8
"657","1994","6.3",4,9
"658","1994","6.2",4,10
"659","1994","6.1",4,11
"660","1994","6.0",4,12
"661","1995","5.9",4,1
"662","1995","5.8",4,2
"663","1995","5.8",4,3
"664","1995","5.7",4,4
"665","1995","5.7",4,5
"666","1995","5.6",4,6
"667","1995","5.6",4,7
"668","1995","5.5",4,8
"669","1995","5.4",4,9
"670","1995","5.5",4,10
"671","1995","5.5",4,11
"672","1995","5.4",4,12
"673","1996","5.4",4,1
"674","1996","5.4",4,2
"675","1996","5.3",4,3
"676","1996","5.3",4,4
"677","1996","5.2",4,5
"678","1996","5.1",4,6
"679","1996","5.0",4,7
"680","1996","5.0",4,8
"681","1996","4.9",4,9
"682","1996","4.8",4,10
"683","1996","4.5",4,11
"684","1996","4.4",4,12
"685","1997","4.3",4,1
"686","1997","4.1",4,2
"687","1997","4.0",4,3
"688","1997","3.9",4,4
"689","1997","3.8",4,5
"690","1997","3.7",4,6
"691","1997","3.6",4,7
"692","1997","3.5",4,8
"693","1997","3.4",4,9
"694","1997","3.3",4,10
"695","1997","3.3",4,11
"696","1997","3.2",4,12
"697","1998","3.1",4,1
"698","1998","3.1",4,2
"699","1998","3.1",4,3
"700","1998","3.0",4,4
"701","1998","3.0",4,5
"702","1998","3.0",4,6
"703","1998","3.0",4,7
"704","1998","3.0",4,8
"705","1998","3.0",4,9
"706","1998","3.0",4,10
"707","1998","3.0",4,11
"708","1998","3.0",4,12
"709","1999","3.0",4,1
"710","1999","3.0",4,2
"711","1999","3.0",4,3
"712","1999","3.0",4,4
"713","1999","2.9",4,5
"714","1999","2.9",4,6
"715","1999","2.9",4,7
"716","1999","2.8",4,8
"717","1999","2.8",4,9
"718","1999","2.8",4,10
"719","1999","2.8",4,11
"720","1999","2.7",4,12
"721","2000","2.8",4,1
"722","2000","2.7",4,2
"723","2000","2.7",4,3
"724","2000","2.6",4,4
"725","2000","2.6",4,5
"726","2000","2.6",4,6
"727","2000","2.6",4,7
"728","2000","2.6",4,8
"729","2000","2.5",4,9
"730","2000","2.5",4,10
"731","2000","2.5",4,11
"732","2000","2.5",4,12
"733","2001","2.5",4,1
"734","2001","2.5",4,2
"735","2001","2.5",4,3
"736","2001","2.4",4,4
"737","2001","2.4",4,5
"738","2001","2.4",4,6
"739","2001","2.4",4,7
"740","2001","2.3",4,8
"741","2001","2.3",4,9
"742","2001","2.3",4,10
"743","2001","2.3",4,11
"744","2001","2.3",4,12
"745","2002","2.2",4,1
"746","2002","2.2",4,2
"747","2002","2.2",4,3
"748","2002","2.2",4,4
"749","2002","2.2",4,5
"750","2002","2.2",4,6
"751","2002","2.2",4,7
"752","2002","2.2",4,8
"753","2002","2.2",4,9
"754","2002","2.1",4,10
"755","2002","2.1",4,11
"756","2002","2.1",4,12
"757","2003","2.1",4,1
"758","2003","2.1",4,2
"759","2003","2.1",4,3
"760","2003","2.2",4,4
"761","2003","2.2",4,5
"762","2003","2.2",4,6
"763","2003","2.2",4,7
"764","2003","2.2",4,8
"765","2003","2.2",4,9
"766","2003","2.2",4,10
"767","2003","2.1",4,11
"768","2003","2.1",4,12
"769","2004","2.0",4,1
"770","2004","2.0",4,2
"771","2004","2.0",4,3
"772","2004","1.9",4,4
"773","2004","1.9",4,5
"774","2004","1.9",4,6
"775","2004","1.8",4,7
"776","2004","1.8",4,8
"777","2004","1.8",4,9
"778","2004","1.8",4,10
"779","2004","1.9",4,11
"780","2004","1.8",4,12
"781","2005","1.8",4,1
"782","2005","1.8",4,2
"783","2005","1.8",4,3
"784","2005","1.9",4,4
"785","2005","1.9",4,5
"786","2005","1.9",4,6
"787","2005","1.9",4,7
"788","2005","1.9",4,8
"789","2005","2.0",4,9
"790","2005","2.0",4,10
"791","2005","2.1",4,11
"792","2005","2.1",4,12
"793","2006","2.1",4,1
"794","2006","2.1",4,2
"795","2006","2.2",4,3
"796","2006","2.2",4,4
"797","2006","2.2",4,5
"798","2006","2.2",4,6
"799","2006","2.2",4,7
"800","2006","2.2",4,8
"801","2006","2.2",4,9
"802","2006","2.2",4,10
"803","2006","2.2",4,11
"804","2006","2.2",4,12
"805","2007","2.2",4,1
"806","2007","2.1",4,2
"807","2007","2.1",4,3
"808","2007","2.1",4,4
"809","2007","2.1",4,5
"810","2007","2.0",4,6
"811","2007","2.0",4,7
"812","2007","2.0",4,8
"813","2007","2.0",4,9
"814","2007","2.0",4,10
"815","2007","1.9",4,11
"816","2007","1.9",4,12
"817","2008","1.8",4,1
"818","2008","1.8",4,2
"819","2008","1.8",4,3
"820","2008","1.8",4,4
"821","2008","1.9",4,5
"822","2008","2.0",4,6
"823","2008","2.1",4,7
"824","2008","2.2",4,8
"825","2008","2.3",4,9
"826","2008","2.4",4,10
"827","2008","2.7",4,11
"828","2008","2.9",4,12
"829","2009","3.0",4,1
"830","2009","3.4",4,2
"831","2009","3.6",4,3
"832","2009","3.7",4,4
"833","1992","7.5",5,1
"834","1992","7.7",5,2
"835","1992","7.7",5,3
"836","1992","7.8",5,4
"837","1992","7.9",5,5
"838","1992","7.9",5,6
"839","1992","8.0",5,7
"840","1992","8.1",5,8
"841","1992","8.2",5,9
"842","1992","8.3",5,10
"843","1992","8.5",5,11
"844","1992","8.7",5,12
"845","1993","8.6",5,1
"846","1993","8.6",5,2
"847","1993","8.6",5,3
"848","1993","8.6",5,4
"849","1993","8.5",5,5
"850","1993","8.5",5,6
"851","1993","8.4",5,7
"852","1993","8.4",5,8
"853","1993","8.3",5,9
"854","1993","8.2",5,10
"855","1993","8.1",5,11
"856","1993","7.9",5,12
"857","1994","7.9",5,1
"858","1994","7.8",5,2
"859","1994","7.7",5,3
"860","1994","7.6",5,4
"861","1994","7.5",5,5
"862","1994","7.4",5,6
"863","1994","7.3",5,7
"864","1994","7.2",5,8
"865","1994","7.1",5,9
"866","1994","6.9",5,10
"867","1994","6.8",5,11
"868","1994","6.7",5,12
"869","1995","6.6",5,1
"870","1995","6.5",5,2
"871","1995","6.4",5,3
"872","1995","6.4",5,4
"873","1995","6.3",5,5
"874","1995","6.3",5,6
"875","1995","6.2",5,7
"876","1995","6.1",5,8
"877","1995","6.1",5,9
"878","1995","6.1",5,10
"879","1995","6.0",5,11
"880","1995","6.0",5,12
"881","1996","5.9",5,1
"882","1996","6.0",5,2
"883","1996","5.9",5,3
"884","1996","5.8",5,4
"885","1996","5.8",5,5
"886","1996","5.7",5,6
"887","1996","5.6",5,7
"888","1996","5.6",5,8
"889","1996","5.4",5,9
"890","1996","5.4",5,10
"891","1996","5.1",5,11
"892","1996","5.0",5,12
"893","1997","4.8",5,1
"894","1997","4.7",5,2
"895","1997","4.5",5,3
"896","1997","4.4",5,4
"897","1997","4.3",5,5
"898","1997","4.2",5,6
"899","1997","4.2",5,7
"900","1997","4.1",5,8
"901","1997","4.0",5,9
"902","1997","4.0",5,10
"903","1997","3.9",5,11
"904","1997","3.8",5,12
"905","1998","3.8",5,1
"906","1998","3.8",5,2
"907","1998","3.7",5,3
"908","1998","3.7",5,4
"909","1998","3.7",5,5
"910","1998","3.6",5,6
"911","1998","3.7",5,7
"912","1998","3.7",5,8
"913","1998","3.6",5,9
"914","1998","3.7",5,10
"915","1998","3.7",5,11
"916","1998","3.7",5,12
"917","1999","3.7",5,1
"918","1999","3.7",5,2
"919","1999","3.7",5,3
"920","1999","3.7",5,4
"921","1999","3.7",5,5
"922","1999","3.6",5,6
"923","1999","3.6",5,7
"924","1999","3.6",5,8
"925","1999","3.6",5,9
"926","1999","3.5",5,10
"927","1999","3.4",5,11
"928","1999","3.4",5,12
"929","2000","3.4",5,1
"930","2000","3.3",5,2
"931","2000","3.3",5,3
"932","2000","3.2",5,4
"933","2000","3.3",5,5
"934","2000","3.2",5,6
"935","2000","3.2",5,7
"936","2000","3.2",5,8
"937","2000","3.2",5,9
"938","2000","3.2",5,10
"939","2000","3.2",5,11
"940","2000","3.2",5,12
"941","2001","3.1",5,1
"942","2001","3.1",5,2
"943","2001","3.1",5,3
"944","2001","3.0",5,4
"945","2001","3.0",5,5
"946","2001","3.0",5,6
"947","2001","2.9",5,7
"948","2001","2.9",5,8
"949","2001","2.9",5,9
"950","2001","2.9",5,10
"951","2001","2.9",5,11
"952","2001","2.9",5,12
"953","2002","2.8",5,1
"954","2002","2.8",5,2
"955","2002","2.8",5,3
"956","2002","2.8",5,4
"957","2002","2.8",5,5
"958","2002","2.8",5,6
"959","2002","2.8",5,7
"960","2002","2.8",5,8
"961","2002","2.8",5,9
"962","2002","2.8",5,10
"963","2002","2.8",5,11
"964","2002","2.8",5,12
"965","2003","2.8",5,1
"966","2003","2.8",5,2
"967","2003","2.8",5,3
"968","2003","2.8",5,4
"969","2003","2.8",5,5
"970","2003","2.8",5,6
"971","2003","2.8",5,7
"972","2003","2.8",5,8
"973","2003","2.8",5,9
"974","2003","2.8",5,10
"975","2003","2.8",5,11
"976","2003","2.7",5,12
"977","2004","2.7",5,1
"978","2004","2.7",5,2
"979","2004","2.7",5,3
"980","2004","2.6",5,4
"981","2004","2.6",5,5
"982","2004","2.6",5,6
"983","2004","2.5",5,7
"984","2004","2.5",5,8
"985","2004","2.5",5,9
"986","2004","2.5",5,10
"987","2004","2.5",5,11
"988","2004","2.5",5,12
"989","2005","2.5",5,1
"990","2005","2.5",5,2
"991","2005","2.5",5,3
"992","2005","2.6",5,4
"993","2005","2.8",5,5
"994","2005","2.8",5,6
"995","2005","2.8",5,7
"996","2005","2.8",5,8
"997","2005","2.9",5,9
"998","2005","2.9",5,10
"999","2005","2.9",5,11
"1000","2005","3.0",5,12
"1001","2006","3.0",5,1
"1002","2006","3.0",5,2
"1003","2006","3.1",5,3
"1004","2006","3.2",5,4
"1005","2006","3.1",5,5
"1006","2006","3.2",5,6
"1007","2006","3.2",5,7
"1008","2006","3.2",5,8
"1009","2006","3.2",5,9
"1010","2006","3.2",5,10
"1011","2006","3.2",5,11
"1012","2006","3.2",5,12
"1013","2007","3.1",5,1
"1014","2007","3.1",5,2
"1015","2007","3.0",5,3
"1016","2007","2.9",5,4
"1017","2007","2.9",5,5
"1018","2007","2.9",5,6
"1019","2007","2.9",5,7
"1020","2007","2.9",5,8
"1021","2007","2.9",5,9
"1022","2007","2.9",5,10
"1023","2007","2.8",5,11
"1024","2007","2.8",5,12
"1025","2008","2.7",5,1
"1026","2008","2.6",5,2
"1027","2008","2.6",5,3
"1028","2008","2.7",5,4
"1029","2008","2.7",5,5
"1030","2008","2.9",5,6
"1031","2008","3.0",5,7
"1032","2008","3.1",5,8
"1033","2008","3.2",5,9
"1034","2008","3.3",5,10
"1035","2008","3.6",5,11
"1036","2008","3.9",5,12
"1037","2009","4.1",5,1
"1038","2009","4.5",5,2
"1039","2009","4.7",5,3
"1040","2009","4.9",5,4
"1041","1992","5.6",6,1
"1042","1992","5.8",6,2
"1043","1992","5.9",6,3
"1044","1992","6.0",6,4
"1045","1992","6.1",6,5
"1046","1992","6.2",6,6
"1047","1992","6.2",6,7
"1048","1992","6.4",6,8
"1049","1992","6.5",6,9
"1050","1992","6.7",6,10
"1051","1992","6.8",6,11
"1052","1992","7.0",6,12
"1053","1993","7.0",6,1
"1054","1993","7.0",6,2
"1055","1993","6.9",6,3
"1056","1993","7.0",6,4
"1057","1993","6.9",6,5
"1058","1993","6.9",6,6
"1059","1993","6.8",6,7
"1060","1993","6.8",6,8
"1061","1993","6.7",6,9
"1062","1993","6.6",6,10
"1063","1993","6.5",6,11
"1064","1993","6.4",6,12
"1065","1994","6.4",6,1
"1066","1994","6.3",6,2
"1067","1994","6.2",6,3
"1068","1994","6.1",6,4
"1069","1994","6.0",6,5
"1070","1994","5.9",6,6
"1071","1994","5.8",6,7
"1072","1994","5.7",6,8
"1073","1994","5.6",6,9
"1074","1994","5.5",6,10
"1075","1994","5.4",6,11
"1076","1994","5.3",6,12
"1077","1995","5.2",6,1
"1078","1995","5.1",6,2
"1079","1995","5.1",6,3
"1080","1995","5.1",6,4
"1081","1995","5.0",6,5
"1082","1995","5.0",6,6
"1083","1995","5.0",6,7
"1084","1995","4.9",6,8
"1085","1995","4.9",6,9
"1086","1995","4.9",6,10
"1087","1995","4.8",6,11
"1088","1995","4.8",6,12
"1089","1996","4.7",6,1
"1090","1996","4.7",6,2
"1091","1996","4.7",6,3
"1092","1996","4.6",6,4
"1093","1996","4.6",6,5
"1094","1996","4.5",6,6
"1095","1996","4.4",6,7
"1096","1996","4.4",6,8
"1097","1996","4.3",6,9
"1098","1996","4.2",6,10
"1099","1996","3.9",6,11
"1100","1996","3.8",6,12
"1101","1997","3.7",6,1
"1102","1997","3.5",6,2
"1103","1997","3.4",6,3
"1104","1997","3.3",6,4
"1105","1997","3.2",6,5
"1106","1997","3.1",6,6
"1107","1997","3.1",6,7
"1108","1997","3.0",6,8
"1109","1997","2.9",6,9
"1110","1997","2.8",6,10
"1111","1997","2.8",6,11
"1112","1997","2.7",6,12
"1113","1998","2.6",6,1
"1114","1998","2.6",6,2
"1115","1998","2.5",6,3
"1116","1998","2.5",6,4
"1117","1998","2.5",6,5
"1118","1998","2.5",6,6
"1119","1998","2.5",6,7
"1120","1998","2.5",6,8
"1121","1998","2.5",6,9
"1122","1998","2.4",6,10
"1123","1998","2.4",6,11
"1124","1998","2.4",6,12
"1125","1999","2.4",6,1
"1126","1999","2.4",6,2
"1127","1999","2.4",6,3
"1128","1999","2.3",6,4
"1129","1999","2.3",6,5
"1130","1999","2.3",6,6
"1131","1999","2.3",6,7
"1132","1999","2.2",6,8
"1133","1999","2.2",6,9
"1134","1999","2.2",6,10
"1135","1999","2.1",6,11
"1136","1999","2.1",6,12
"1137","2000","2.1",6,1
"1138","2000","2.0",6,2
"1139","2000","2.0",6,3
"1140","2000","2.0",6,4
"1141","2000","1.9",6,5
"1142","2000","1.9",6,6
"1143","2000","1.8",6,7
"1144","2000","1.8",6,8
"1145","2000","1.8",6,9
"1146","2000","1.8",6,10
"1147","2000","1.8",6,11
"1148","2000","1.7",6,12
"1149","2001","1.7",6,1
"1150","2001","1.7",6,2
"1151","2001","1.6",6,3
"1152","2001","1.6",6,4
"1153","2001","1.6",6,5
"1154","2001","1.6",6,6
"1155","2001","1.6",6,7
"1156","2001","1.6",6,8
"1157","2001","1.6",6,9
"1158","2001","1.6",6,10
"1159","2001","1.6",6,11
"1160","2001","1.6",6,12
"1161","2002","1.6",6,1
"1162","2002","1.6",6,2
"1163","2002","1.6",6,3
"1164","2002","1.6",6,4
"1165","2002","1.6",6,5
"1166","2002","1.7",6,6
"1167","2002","1.7",6,7
"1168","2002","1.7",6,8
"1169","2002","1.7",6,9
"1170","2002","1.7",6,10
"1171","2002","1.6",6,11
"1172","2002","1.6",6,12
"1173","2003","1.6",6,1
"1174","2003","1.7",6,2
"1175","2003","1.7",6,3
"1176","2003","1.7",6,4
"1177","2003","1.7",6,5
"1178","2003","1.7",6,6
"1179","2003","1.7",6,7
"1180","2003","1.7",6,8
"1181","2003","1.7",6,9
"1182","2003","1.6",6,10
"1183","2003","1.6",6,11
"1184","2003","1.6",6,12
"1185","2004","1.6",6,1
"1186","2004","1.6",6,2
"1187","2004","1.6",6,3
"1188","2004","1.6",6,4
"1189","2004","1.6",6,5
"1190","2004","1.6",6,6
"1191","2004","1.6",6,7
"1192","2004","1.6",6,8
"1193","2004","1.6",6,9
"1194","2004","1.6",6,10
"1195","2004","1.6",6,11
"1196","2004","1.6",6,12
"1197","2005","1.6",6,1
"1198","2005","1.6",6,2
"1199","2005","1.6",6,3
"1200","2005","1.6",6,4
"1201","2005","1.6",6,5
"1202","2005","1.6",6,6
"1203","2005","1.7",6,7
"1204","2005","1.7",6,8
"1205","2005","1.7",6,9
"1206","2005","1.7",6,10
"1207","2005","1.7",6,11
"1208","2005","1.7",6,12
"1209","2006","1.7",6,1
"1210","2006","1.8",6,2
"1211","2006","1.8",6,3
"1212","2006","1.8",6,4
"1213","2006","1.8",6,5
"1214","2006","1.8",6,6
"1215","2006","1.8",6,7
"1216","2006","1.8",6,8
"1217","2006","1.9",6,9
"1218","2006","1.9",6,10
"1219","2006","1.9",6,11
"1220","2006","1.9",6,12
"1221","2007","1.8",6,1
"1222","2007","1.8",6,2
"1223","2007","1.8",6,3
"1224","2007","1.7",6,4
"1225","2007","1.7",6,5
"1226","2007","1.7",6,6
"1227","2007","1.7",6,7
"1228","2007","1.7",6,8
"1229","2007","1.7",6,9
"1230","2007","1.6",6,10
"1231","2007","1.6",6,11
"1232","2007","1.6",6,12
"1233","2008","1.5",6,1
"1234","2008","1.5",6,2
"1235","2008","1.5",6,3
"1236","2008","1.5",6,4
"1237","2008","1.5",6,5
"1238","2008","1.6",6,6
"1239","2008","1.7",6,7
"1240","2008","1.8",6,8
"1241","2008","1.9",6,9
"1242","2008","2.0",6,10
"1243","2008","2.2",6,11
"1244","2008","2.4",6,12
"1245","2009","2.5",6,1
"1246","2009","2.9",6,2
"1247","2009","3.1",6,3
"1248","2009","3.2",6,4
"1249","1992","8.6",7,1
"1250","1992","8.8",7,2
"1251","1992","8.9",7,3
"1252","1992","9.1",7,4
"1253","1992","9.2",7,5
"1254","1992","9.3",7,6
"1255","1992","9.4",7,7
"1256","1992","9.6",7,8
"1257","1992","9.7",7,9
"1258","1992","9.9",7,10
"1259","1992","10.1",7,11
"1260","1992","10.3",7,12
"1261","1993","10.3",7,1
"1262","1993","10.3",7,2
"1263","1993","10.4",7,3
"1264","1993","10.4",7,4
"1265","1993","10.4",7,5
"1266","1993","10.4",7,6
"1267","1993","10.3",7,7
"1268","1993","10.3",7,8
"1269","1993","10.3",7,9
"1270","1993","10.2",7,10
"1271","1993","10.1",7,11
"1272","1993","10.0",7,12
"1273","1994","10.0",7,1
"1274","1994","9.9",7,2
"1275","1994","9.8",7,3
"1276","1994","9.7",7,4
"1277","1994","9.6",7,5
"1278","1994","9.6",7,6
"1279","1994","9.5",7,7
"1280","1994","9.3",7,8
"1281","1994","9.3",7,9
"1282","1994","9.2",7,10
"1283","1994","9.1",7,11
"1284","1994","9.0",7,12
"1285","1995","8.8",7,1
"1286","1995","8.7",7,2
"1287","1995","8.7",7,3
"1288","1995","8.7",7,4
"1289","1995","8.6",7,5
"1290","1995","8.6",7,6
"1291","1995","8.6",7,7
"1292","1995","8.5",7,8
"1293","1995","8.4",7,9
"1294","1995","8.4",7,10
"1295","1995","8.4",7,11
"1296","1995","8.3",7,12
"1297","1996","8.2",7,1
"1298","1996","8.1",7,2
"1299","1996","8.1",7,3
"1300","1996","8.0",7,4
"1301","1996","7.9",7,5
"1302","1996","7.9",7,6
"1303","1996","7.8",7,7
"1304","1996","7.7",7,8
"1305","1996","7.6",7,9
"1306","1996","7.4",7,10
"1307","1996","7.1",7,11
"1308","1996","7.0",7,12
"1309","1997","6.7",7,1
"1310","1997","6.5",7,2
"1311","1997","6.3",7,3
"1312","1997","6.1",7,4
"1313","1997","6.0",7,5
"1314","1997","5.8",7,6
"1315","1997","5.7",7,7
"1316","1997","5.6",7,8
"1317","1997","5.4",7,9
"1318","1997","5.3",7,10
"1319","1997","5.2",7,11
"1320","1997","5.1",7,12
"1321","1998","5.0",7,1
"1322","1998","5.0",7,2
"1323","1998","4.9",7,3
"1324","1998","4.9",7,4
"1325","1998","4.9",7,5
"1326","1998","4.8",7,6
"1327","1998","4.8",7,7
"1328","1998","4.8",7,8
"1329","1998","4.7",7,9
"1330","1998","4.7",7,10
"1331","1998","4.7",7,11
"1332","1998","4.6",7,12
"1333","1999","4.5",7,1
"1334","1999","4.4",7,2
"1335","1999","4.4",7,3
"1336","1999","4.3",7,4
"1337","1999","4.3",7,5
"1338","1999","4.3",7,6
"1339","1999","4.2",7,7
"1340","1999","4.2",7,8
"1341","1999","4.2",7,9
"1342","1999","4.1",7,10
"1343","1999","4.1",7,11
"1344","1999","4.0",7,12
"1345","2000","3.9",7,1
"1346","2000","3.8",7,2
"1347","2000","3.8",7,3
"1348","2000","3.7",7,4
"1349","2000","3.6",7,5
"1350","2000","3.6",7,6
"1351","2000","3.5",7,7
"1352","2000","3.5",7,8
"1353","2000","3.4",7,9
"1354","2000","3.4",7,10
"1355","2000","3.3",7,11
"1356","2000","3.3",7,12
"1357","2001","3.2",7,1
"1358","2001","3.1",7,2
"1359","2001","3.1",7,3
"1360","2001","3.1",7,4
"1361","2001","3.0",7,5
"1362","2001","3.0",7,6
"1363","2001","3.0",7,7
"1364","2001","3.1",7,8
"1365","2001","3.1",7,9
"1366","2001","3.1",7,10
"1367","2001","3.2",7,11
"1368","2001","3.3",7,12
"1369","2002","3.2",7,1
"1370","2002","3.2",7,2
"1371","2002","3.3",7,3
"1372","2002","3.3",7,4
"1373","2002","3.3",7,5
"1374","2002","3.3",7,6
"1375","2002","3.3",7,7
"1376","2002","3.3",7,8
"1377","2002","3.3",7,9
"1378","2002","3.3",7,10
"1379","2002","3.3",7,11
"1380","2002","3.3",7,12
"1381","2003","3.3",7,1
"1382","2003","3.4",7,2
"1383","2003","3.4",7,3
"1384","2003","3.4",7,4
"1385","2003","3.4",7,5
"1386","2003","3.4",7,6
"1387","2003","3.4",7,7
"1388","2003","3.4",7,8
"1389","2003","3.4",7,9
"1390","2003","3.4",7,10
"1391","2003","3.4",7,11
"1392","2003","3.4",7,12
"1393","2004","3.3",7,1
"1394","2004","3.3",7,2
"1395","2004","3.3",7,3
"1396","2004","3.3",7,4
"1397","2004","3.3",7,5
"1398","2004","3.2",7,6
"1399","2004","3.2",7,7
"1400","2004","3.2",7,8
"1401","2004","3.2",7,9
"1402","2004","3.1",7,10
"1403","2004","3.1",7,11
"1404","2004","3.1",7,12
"1405","2005","3.1",7,1
"1406","2005","3.1",7,2
"1407","2005","3.1",7,3
"1408","2005","3.1",7,4
"1409","2005","3.1",7,5
"1410","2005","3.2",7,6
"1411","2005","3.2",7,7
"1412","2005","3.2",7,8
"1413","2005","3.2",7,9
"1414","2005","3.2",7,10
"1415","2005","3.2",7,11
"1416","2005","3.2",7,12
"1417","2006","3.2",7,1
"1418","2006","3.2",7,2
"1419","2006","3.2",7,3
"1420","2006","3.2",7,4
"1421","2006","3.2",7,5
"1422","2006","3.2",7,6
"1423","2006","3.2",7,7
"1424","2006","3.2",7,8
"1425","2006","3.2",7,9
"1426","2006","3.2",7,10
"1427","2006","3.2",7,11
"1428","2006","3.1",7,12
"1429","2007","3.0",7,1
"1430","2007","2.9",7,2
"1431","2007","2.9",7,3
"1432","2007","2.8",7,4
"1433","2007","2.8",7,5
"1434","2007","2.7",7,6
"1435","2007","2.7",7,7
"1436","2007","2.7",7,8
"1437","2007","2.6",7,9
"1438","2007","2.6",7,10
"1439","2007","2.6",7,11
"1440","2007","2.5",7,12
"1441","2008","2.4",7,1
"1442","2008","2.4",7,2
"1443","2008","2.4",7,3
"1444","2008","2.4",7,4
"1445","2008","2.4",7,5
"1446","2008","2.4",7,6
"1447","2008","2.5",7,7
"1448","2008","2.6",7,8
"1449","2008","2.6",7,9
"1450","2008","2.7",7,10
"1451","2008","2.9",7,11
"1452","2008","3.0",7,12
"1453","2009","3.1",7,1
"1454","2009","3.4",7,2
"1455","2009","3.6",7,3
"1456","2009","3.8",7,4
"1457","1992","5.3",8,1
"1458","1992","5.5",8,2
"1459","1992","5.6",8,3
"1460","1992","5.7",8,4
"1461","1992","5.8",8,5
"1462","1992","5.9",8,6
"1463","1992","5.9",8,7
"1464","1992","6.1",8,8
"1465","1992","6.2",8,9
"1466","1992","6.3",8,10
"1467","1992","6.5",8,11
"1468","1992","6.7",8,12
"1469","1993","6.7",8,1
"1470","1993","6.6",8,2
"1471","1993","6.6",8,3
"1472","1993","6.6",8,4
"1473","1993","6.5",8,5
"1474","1993","6.5",8,6
"1475","1993","6.4",8,7
"1476","1993","6.4",8,8
"1477","1993","6.4",8,9
"1478","1993","6.3",8,10
"1479","1993","6.2",8,11
"1480","1993","6.1",8,12
"1481","1994","6.1",8,1
"1482","1994","5.9",8,2
"1483","1994","5.9",8,3
"1484","1994","5.7",8,4
"1485","1994","5.7",8,5
"1486","1994","5.6",8,6
"1487","1994","5.5",8,7
"1488","1994","5.4",8,8
"1489","1994","5.3",8,9
"1490","1994","5.1",8,10
"1491","1994","5.0",8,11
"1492","1994","4.9",8,12
"1493","1995","4.8",8,1
"1494","1995","4.8",8,2
"1495","1995","4.7",8,3
"1496","1995","4.7",8,4
"1497","1995","4.6",8,5
"1498","1995","4.6",8,6
"1499","1995","4.6",8,7
"1500","1995","4.5",8,8
"1501","1995","4.5",8,9
"1502","1995","4.5",8,10
"1503","1995","4.4",8,11
"1504","1995","4.4",8,12
"1505","1996","4.3",8,1
"1506","1996","4.3",8,2
"1507","1996","4.2",8,3
"1508","1996","4.2",8,4
"1509","1996","4.2",8,5
"1510","1996","4.1",8,6
"1511","1996","4.0",8,7
"1512","1996","4.0",8,8
"1513","1996","3.9",8,9
"1514","1996","3.7",8,10
"1515","1996","3.5",8,11
"1516","1996","3.4",8,12
"1517","1997","3.3",8,1
"1518","1997","3.1",8,2
"1519","1997","3.0",8,3
"1520","1997","2.9",8,4
"1521","1997","2.8",8,5
"1522","1997","2.7",8,6
"1523","1997","2.6",8,7
"1524","1997","2.6",8,8
"1525","1997","2.5",8,9
"1526","1997","2.4",8,10
"1527","1997","2.3",8,11
"1528","1997","2.3",8,12
"1529","1998","2.2",8,1
"1530","1998","2.2",8,2
"1531","1998","2.2",8,3
"1532","1998","2.2",8,4
"1533","1998","2.1",8,5
"1534","1998","2.1",8,6
"1535","1998","2.1",8,7
"1536","1998","2.1",8,8
"1537","1998","2.1",8,9
"1538","1998","2.0",8,10
"1539","1998","2.1",8,11
"1540","1998","2.0",8,12
"1541","1999","2.0",8,1
"1542","1999","2.0",8,2
"1543","1999","2.0",8,3
"1544","1999","2.0",8,4
"1545","1999","1.9",8,5
"1546","1999","1.9",8,6
"1547","1999","1.9",8,7
"1548","1999","1.8",8,8
"1549","1999","1.8",8,9
"1550","1999","1.8",8,10
"1551","1999","1.8",8,11
"1552","1999","1.7",8,12
"1553","2000","1.7",8,1
"1554","2000","1.7",8,2
"1555","2000","1.7",8,3
"1556","2000","1.6",8,4
"1557","2000","1.6",8,5
"1558","2000","1.6",8,6
"1559","2000","1.5",8,7
"1560","2000","1.5",8,8
"1561","2000","1.5",8,9
"1562","2000","1.5",8,10
"1563","2000","1.4",8,11
"1564","2000","1.4",8,12
"1565","2001","1.4",8,1
"1566","2001","1.3",8,2
"1567","2001","1.3",8,3
"1568","2001","1.3",8,4
"1569","2001","1.3",8,5
"1570","2001","1.3",8,6
"1571","2001","1.3",8,7
"1572","2001","1.3",8,8
"1573","2001","1.3",8,9
"1574","2001","1.3",8,10
"1575","2001","1.3",8,11
"1576","2001","1.4",8,12
"1577","2002","1.3",8,1
"1578","2002","1.3",8,2
"1579","2002","1.4",8,3
"1580","2002","1.4",8,4
"1581","2002","1.4",8,5
"1582","2002","1.4",8,6
"1583","2002","1.4",8,7
"1584","2002","1.4",8,8
"1585","2002","1.4",8,9
"1586","2002","1.4",8,10
"1587","2002","1.4",8,11
"1588","2002","1.4",8,12
"1589","2003","1.4",8,1
"1590","2003","1.4",8,2
"1591","2003","1.4",8,3
"1592","2003","1.5",8,4
"1593","2003","1.5",8,5
"1594","2003","1.5",8,6
"1595","2003","1.5",8,7
"1596","2003","1.5",8,8
"1597","2003","1.5",8,9
"1598","2003","1.5",8,10
"1599","2003","1.5",8,11
"1600","2003","1.5",8,12
"1601","2004","1.4",8,1
"1602","2004","1.4",8,2
"1603","2004","1.4",8,3
"1604","2004","1.4",8,4
"1605","2004","1.4",8,5
"1606","2004","1.3",8,6
"1607","2004","1.3",8,7
"1608","2004","1.3",8,8
"1609","2004","1.3",8,9
"1610","2004","1.3",8,10
"1611","2004","1.3",8,11
"1612","2004","1.3",8,12
"1613","2005","1.3",8,1
"1614","2005","1.3",8,2
"1615","2005","1.3",8,3
"1616","2005","1.3",8,4
"1617","2005","1.3",8,5
"1618","2005","1.4",8,6
"1619","2005","1.4",8,7
"1620","2005","1.4",8,8
"1621","2005","1.4",8,9
"1622","2005","1.4",8,10
"1623","2005","1.4",8,11
"1624","2005","1.5",8,12
"1625","2006","1.5",8,1
"1626","2006","1.5",8,2
"1627","2006","1.5",8,3
"1628","2006","1.5",8,4
"1629","2006","1.6",8,5
"1630","2006","1.6",8,6
"1631","2006","1.6",8,7
"1632","2006","1.5",8,8
"1633","2006","1.6",8,9
"1634","2006","1.5",8,10
"1635","2006","1.5",8,11
"1636","2006","1.5",8,12
"1637","2007","1.4",8,1
"1638","2007","1.4",8,2
"1639","2007","1.4",8,3
"1640","2007","1.4",8,4
"1641","2007","1.3",8,5
"1642","2007","1.3",8,6
"1643","2007","1.3",8,7
"1644","2007","1.3",8,8
"1645","2007","1.3",8,9
"1646","2007","1.3",8,10
"1647","2007","1.3",8,11
"1648","2007","1.2",8,12
"1649","2008","1.2",8,1
"1650","2008","1.2",8,2
"1651","2008","1.1",8,3
"1652","2008","1.2",8,4
"1653","2008","1.2",8,5
"1654","2008","1.3",8,6
"1655","2008","1.4",8,7
"1656","2008","1.5",8,8
"1657","2008","1.6",8,9
"1658","2008","1.6",8,10
"1659","2008","1.8",8,11
"1660","2008","2.0",8,12
"1661","2009","2.1",8,1
"1662","2009","2.5",8,2
"1663","2009","2.6",8,3
"1664","2009","2.7",8,4
"1665","1992","6.4",9,1
"1666","1992","6.6",9,2
"1667","1992","6.7",9,3
"1668","1992","6.8",9,4
"1669","1992","6.9",9,5
"1670","1992","6.9",9,6
"1671","1992","7.0",9,7
"1672","1992","7.2",9,8
"1673","1992","7.3",9,9
"1674","1992","7.3",9,10
"1675","1992","7.5",9,11
"1676","1992","7.7",9,12
"1677","1993","7.6",9,1
"1678","1993","7.5",9,2
"1679","1993","7.5",9,3
"1680","1993","7.5",9,4
"1681","1993","7.4",9,5
"1682","1993","7.4",9,6
"1683","1993","7.3",9,7
"1684","1993","7.3",9,8
"1685","1993","7.2",9,9
"1686","1993","7.1",9,10
"1687","1993","7.0",9,11
"1688","1993","6.9",9,12
"1689","1994","6.9",9,1
"1690","1994","6.8",9,2
"1691","1994","6.7",9,3
"1692","1994","6.6",9,4
"1693","1994","6.6",9,5
"1694","1994","6.5",9,6
"1695","1994","6.4",9,7
"1696","1994","6.3",9,8
"1697","1994","6.2",9,9
"1698","1994","6.1",9,10
"1699","1994","6.0",9,11
"1700","1994","5.9",9,12
"1701","1995","5.8",9,1
"1702","1995","5.7",9,2
"1703","1995","5.7",9,3
"1704","1995","5.6",9,4
"1705","1995","5.6",9,5
"1706","1995","5.5",9,6
"1707","1995","5.5",9,7
"1708","1995","5.4",9,8
"1709","1995","5.4",9,9
"1710","1995","5.4",9,10
"1711","1995","5.3",9,11
"1712","1995","5.3",9,12
"1713","1996","5.2",9,1
"1714","1996","5.3",9,2
"1715","1996","5.2",9,3
"1716","1996","5.1",9,4
"1717","1996","5.1",9,5
"1718","1996","5.0",9,6
"1719","1996","4.9",9,7
"1720","1996","4.9",9,8
"1721","1996","4.8",9,9
"1722","1996","4.6",9,10
"1723","1996","4.4",9,11
"1724","1996","4.3",9,12
"1725","1997","4.2",9,1
"1726","1997","4.0",9,2
"1727","1997","3.9",9,3
"1728","1997","3.7",9,4
"1729","1997","3.6",9,5
"1730","1997","3.4",9,6
"1731","1997","3.4",9,7
"1732","1997","3.3",9,8
"1733","1997","3.2",9,9
"1734","1997","3.1",9,10
"1735","1997","3.0",9,11
"1736","1997","3.0",9,12
"1737","1998","2.9",9,1
"1738","1998","2.9",9,2
"1739","1998","2.8",9,3
"1740","1998","2.8",9,4
"1741","1998","2.8",9,5
"1742","1998","2.8",9,6
"1743","1998","2.8",9,7
"1744","1998","2.8",9,8
"1745","1998","2.7",9,9
"1746","1998","2.7",9,10
"1747","1998","2.7",9,11
"1748","1998","2.7",9,12
"1749","1999","2.7",9,1
"1750","1999","2.6",9,2
"1751","1999","2.6",9,3
"1752","1999","2.6",9,4
"1753","1999","2.6",9,5
"1754","1999","2.5",9,6
"1755","1999","2.5",9,7
"1756","1999","2.4",9,8
"1757","1999","2.4",9,9
"1758","1999","2.4",9,10
"1759","1999","2.3",9,11
"1760","1999","2.2",9,12
"1761","2000","2.2",9,1
"1762","2000","2.2",9,2
"1763","2000","2.2",9,3
"1764","2000","2.1",9,4
"1765","2000","2.1",9,5
"1766","2000","2.1",9,6
"1767","2000","2.0",9,7
"1768","2000","2.0",9,8
"1769","2000","1.9",9,9
"1770","2000","1.9",9,10
"1771","2000","1.9",9,11
"1772","2000","1.8",9,12
"1773","2001","1.8",9,1
"1774","2001","1.7",9,2
"1775","2001","1.7",9,3
"1776","2001","1.7",9,4
"1777","2001","1.8",9,5
"1778","2001","1.7",9,6
"1779","2001","1.7",9,7
"1780","2001","1.7",9,8
"1781","2001","1.7",9,9
"1782","2001","1.7",9,10
"1783","2001","1.7",9,11
"1784","2001","1.7",9,12
"1785","2002","1.6",9,1
"1786","2002","1.6",9,2
"1787","2002","1.6",9,3
"1788","2002","1.6",9,4
"1789","2002","1.6",9,5
"1790","2002","1.6",9,6
"1791","2002","1.6",9,7
"1792","2002","1.6",9,8
"1793","2002","1.6",9,9
"1794","2002","1.6",9,10
"1795","2002","1.6",9,11
"1796","2002","1.6",9,12
"1797","2003","1.6",9,1
"1798","2003","1.6",9,2
"1799","2003","1.6",9,3
"1800","2003","1.5",9,4
"1801","2003","1.6",9,5
"1802","2003","1.6",9,6
"1803","2003","1.6",9,7
"1804","2003","1.5",9,8
"1805","2003","1.5",9,9
"1806","2003","1.5",9,10
"1807","2003","1.5",9,11
"1808","2003","1.5",9,12
"1809","2004","1.4",9,1
"1810","2004","1.4",9,2
"1811","2004","1.4",9,3
"1812","2004","1.3",9,4
"1813","2004","1.3",9,5
"1814","2004","1.3",9,6
"1815","2004","1.3",9,7
"1816","2004","1.3",9,8
"1817","2004","1.3",9,9
"1818","2004","1.3",9,10
"1819","2004","1.3",9,11
"1820","2004","1.3",9,12
"1821","2005","1.3",9,1
"1822","2005","1.3",9,2
"1823","2005","1.3",9,3
"1824","2005","1.3",9,4
"1825","2005","1.3",9,5
"1826","2005","1.3",9,6
"1827","2005","1.3",9,7
"1828","2005","1.3",9,8
"1829","2005","1.3",9,9
"1830","2005","1.3",9,10
"1831","2005","1.4",9,11
"1832","2005","1.4",9,12
"1833","2006","1.4",9,1
"1834","2006","1.4",9,2
"1835","2006","1.4",9,3
"1836","2006","1.5",9,4
"1837","2006","1.5",9,5
"1838","2006","1.5",9,6
"1839","2006","1.5",9,7
"1840","2006","1.5",9,8
"1841","2006","1.5",9,9
"1842","2006","1.5",9,10
"1843","2006","1.5",9,11
"1844","2006","1.5",9,12
"1845","2007","1.4",9,1
"1846","2007","1.4",9,2
"1847","2007","1.4",9,3
"1848","2007","1.3",9,4
"1849","2007","1.3",9,5
"1850","2007","1.3",9,6
"1851","2007","1.3",9,7
"1852","2007","1.3",9,8
"1853","2007","1.3",9,9
"1854","2007","1.2",9,10
"1855","2007","1.2",9,11
"1856","2007","1.2",9,12
"1857","2008","1.1",9,1
"1858","2008","1.1",9,2
"1859","2008","1.1",9,3
"1860","2008","1.1",9,4
"1861","2008","1.2",9,5
"1862","2008","1.3",9,6
"1863","2008","1.4",9,7
"1864","2008","1.5",9,8
"1865","2008","1.6",9,9
"1866","2008","1.7",9,10
"1867","2008","1.9",9,11
"1868","2008","2.1",9,12
"1869","2009","2.2",9,1
"1870","2009","2.6",9,2
"1871","2009","2.7",9,3
"1872","2009","2.8",9,4
"1873","1992","6.8",10,1
"1874","1992","6.9",10,2
"1875","1992","6.9",10,3
"1876","1992","6.9",10,4
"1877","1992","6.9",10,5
"1878","1992","6.9",10,6
"1879","1992","6.9",10,7
"1880","1992","7.0",10,8
"1881","1992","7.1",10,9
"1882","1992","7.2",10,10
"1883","1992","7.3",10,11
"1884","1992","7.4",10,12
"1885","1993","7.4",10,1
"1886","1993","7.3",10,2
"1887","1993","7.3",10,3
"1888","1993","7.3",10,4
"1889","1993","7.3",10,5
"1890","1993","7.3",10,6
"1891","1993","7.2",10,7
"1892","1993","7.3",10,8
"1893","1993","7.2",10,9
"1894","1993","7.2",10,10
"1895","1993","7.1",10,11
"1896","1993","7.1",10,12
"1897","1994","7.1",10,1
"1898","1994","7.0",10,2
"1899","1994","7.0",10,3
"1900","1994","6.9",10,4
"1901","1994","6.8",10,5
"1902","1994","6.7",10,6
"1903","1994","6.7",10,7
"1904","1994","6.6",10,8
"1905","1994","6.5",10,9
"1906","1994","6.3",10,10
"1907","1994","6.2",10,11
"1908","1994","6.1",10,12
"1909","1995","6.1",10,1
"1910","1995","6.0",10,2
"1911","1995","6.0",10,3
"1912","1995","5.9",10,4
"1913","1995","5.9",10,5
"1914","1995","5.9",10,6
"1915","1995","6.0",10,7
"1916","1995","5.9",10,8
"1917","1995","5.9",10,9
"1918","1995","5.9",10,10
"1919","1995","5.9",10,11
"1920","1995","5.9",10,12
"1921","1996","5.8",10,1
"1922","1996","5.9",10,2
"1923","1996","5.8",10,3
"1924","1996","5.8",10,4
"1925","1996","5.8",10,5
"1926","1996","5.7",10,6
"1927","1996","5.7",10,7
"1928","1996","5.6",10,8
"1929","1996","5.6",10,9
"1930","1996","5.5",10,10
"1931","1996","5.2",10,11
"1932","1996","5.2",10,12
"1933","1997","5.0",10,1
"1934","1997","4.9",10,2
"1935","1997","4.7",10,3
"1936","1997","4.6",10,4
"1937","1997","4.5",10,5
"1938","1997","4.4",10,6
"1939","1997","4.4",10,7
"1940","1997","4.3",10,8
"1941","1997","4.2",10,9
"1942","1997","4.1",10,10
"1943","1997","4.0",10,11
"1944","1997","4.0",10,12
"1945","1998","3.9",10,1
"1946","1998","3.9",10,2
"1947","1998","3.9",10,3
"1948","1998","3.9",10,4
"1949","1998","3.8",10,5
"1950","1998","3.8",10,6
"1951","1998","3.8",10,7
"1952","1998","3.8",10,8
"1953","1998","3.8",10,9
"1954","1998","3.8",10,10
"1955","1998","3.8",10,11
"1956","1998","3.8",10,12
"1957","1999","3.8",10,1
"1958","1999","3.8",10,2
"1959","1999","3.7",10,3
"1960","1999","3.7",10,4
"1961","1999","3.7",10,5
"1962","1999","3.6",10,6
"1963","1999","3.5",10,7
"1964","1999","3.4",10,8
"1965","1999","3.4",10,9
"1966","1999","3.4",10,10
"1967","1999","3.4",10,11
"1968","1999","3.3",10,12
"1969","2000","3.3",10,1
"1970","2000","3.2",10,2
"1971","2000","3.2",10,3
"1972","2000","3.2",10,4
"1973","2000","3.2",10,5
"1974","2000","3.2",10,6
"1975","2000","3.2",10,7
"1976","2000","3.1",10,8
"1977","2000","3.1",10,9
"1978","2000","3.1",10,10
"1979","2000","3.1",10,11
"1980","2000","3.1",10,12
"1981","2001","3.0",10,1
"1982","2001","3.0",10,2
"1983","2001","3.0",10,3
"1984","2001","2.9",10,4
"1985","2001","2.9",10,5
"1986","2001","2.8",10,6
"1987","2001","2.7",10,7
"1988","2001","2.7",10,8
"1989","2001","2.7",10,9
"1990","2001","2.7",10,10
"1991","2001","2.7",10,11
"1992","2001","2.7",10,12
"1993","2002","2.6",10,1
"1994","2002","2.6",10,2
"1995","2002","2.6",10,3
"1996","2002","2.6",10,4
"1997","2002","2.6",10,5
"1998","2002","2.6",10,6
"1999","2002","2.6",10,7
"2000","2002","2.6",10,8
"2001","2002","2.6",10,9
"2002","2002","2.5",10,10
"2003","2002","2.5",10,11
"2004","2002","2.5",10,12
"2005","2003","2.5",10,1
"2006","2003","2.5",10,2
"2007","2003","2.5",10,3
"2008","2003","2.4",10,4
"2009","2003","2.5",10,5
"2010","2003","2.5",10,6
"2011","2003","2.4",10,7
"2012","2003","2.4",10,8
"2013","2003","2.4",10,9
"2014","2003","2.3",10,10
"2015","2003","2.3",10,11
"2016","2003","2.3",10,12
"2017","2004","2.2",10,1
"2018","2004","2.2",10,2
"2019","2004","2.2",10,3
"2020","2004","2.2",10,4
"2021","2004","2.2",10,5
"2022","2004","2.1",10,6
"2023","2004","2.1",10,7
"2024","2004","2.1",10,8
"2025","2004","2.1",10,9
"2026","2004","2.1",10,10
"2027","2004","2.1",10,11
"2028","2004","2.1",10,12
"2029","2005","2.1",10,1
"2030","2005","2.1",10,2
"2031","2005","2.1",10,3
"2032","2005","2.1",10,4
"2033","2005","2.2",10,5
"2034","2005","2.2",10,6
"2035","2005","2.2",10,7
"2036","2005","2.2",10,8
"2037","2005","2.2",10,9
"2038","2005","2.3",10,10
"2039","2005","2.3",10,11
"2040","2005","2.3",10,12
"2041","2006","2.3",10,1
"2042","2006","2.3",10,2
"2043","2006","2.4",10,3
"2044","2006","2.4",10,4
"2045","2006","2.4",10,5
"2046","2006","2.4",10,6
"2047","2006","2.3",10,7
"2048","2006","2.3",10,8
"2049","2006","2.3",10,9
"2050","2006","2.3",10,10
"2051","2006","2.3",10,11
"2052","2006","2.3",10,12
"2053","2007","2.2",10,1
"2054","2007","2.2",10,2
"2055","2007","2.2",10,3
"2056","2007","2.1",10,4
"2057","2007","2.1",10,5
"2058","2007","2.1",10,6
"2059","2007","2.1",10,7
"2060","2007","2.1",10,8
"2061","2007","2.1",10,9
"2062","2007","2.1",10,10
"2063","2007","2.1",10,11
"2064","2007","2.1",10,12
"2065","2008","2.0",10,1
"2066","2008","2.0",10,2
"2067","2008","2.0",10,3
"2068","2008","2.0",10,4
"2069","2008","2.1",10,5
"2070","2008","2.2",10,6
"2071","2008","2.3",10,7
"2072","2008","2.4",10,8
"2073","2008","2.5",10,9
"2074","2008","2.7",10,10
"2075","2008","2.9",10,11
"2076","2008","3.2",10,12
"2077","2009","3.4",10,1
"2078","2009","3.7",10,2
"2079","2009","3.9",10,3
"2080","2009","4.0",10,4
"2081","1992","6.9",11,1
"2082","1992","7.0",11,2
"2083","1992","7.0",11,3
"2084","1992","7.0",11,4
"2085","1992","7.1",11,5
"2086","1992","7.1",11,6
"2087","1992","7.1",11,7
"2088","1992","7.2",11,8
"2089","1992","7.3",11,9
"2090","1992","7.4",11,10
"2091","1992","7.4",11,11
"2092","1992","7.5",11,12
"2093","1993","7.4",11,1
"2094","1993","7.4",11,2
"2095","1993","7.4",11,3
"2096","1993","7.4",11,4
"2097","1993","7.4",11,5
"2098","1993","7.4",11,6
"2099","1993","7.3",11,7
"2100","1993","7.3",11,8
"2101","1993","7.2",11,9
"2102","1993","7.2",11,10
"2103","1993","7.1",11,11
"2104","1993","7.1",11,12
"2105","1994","7.2",11,1
"2106","1994","7.1",11,2
"2107","1994","7.1",11,3
"2108","1994","7.0",11,4
"2109","1994","7.0",11,5
"2110","1994","6.9",11,6
"2111","1994","6.9",11,7
"2112","1994","6.8",11,8
"2113","1994","6.7",11,9
"2114","1994","6.6",11,10
"2115","1994","6.5",11,11
"2116","1994","6.4",11,12
"2117","1995","6.4",11,1
"2118","1995","6.3",11,2
"2119","1995","6.2",11,3
"2120","1995","6.1",11,4
"2121","1995","6.0",11,5
"2122","1995","5.9",11,6
"2123","1995","5.9",11,7
"2124","1995","5.9",11,8
"2125","1995","5.9",11,9
"2126","1995","5.9",11,10
"2127","1995","5.9",11,11
"2128","1995","5.9",11,12
"2129","1996","5.8",11,1
"2130","1996","5.9",11,2
"2131","1996","5.8",11,3
"2132","1996","5.9",11,4
"2133","1996","5.9",11,5
"2134","1996","5.8",11,6
"2135","1996","5.8",11,7
"2136","1996","5.8",11,8
"2137","1996","5.7",11,9
"2138","1996","5.6",11,10
"2139","1996","5.4",11,11
"2140","1996","5.4",11,12
"2141","1997","5.3",11,1
"2142","1997","5.1",11,2
"2143","1997","5.0",11,3
"2144","1997","4.9",11,4
"2145","1997","4.8",11,5
"2146","1997","4.7",11,6
"2147","1997","4.6",11,7
"2148","1997","4.6",11,8
"2149","1997","4.5",11,9
"2150","1997","4.4",11,10
"2151","1997","4.3",11,11
"2152","1997","4.3",11,12
"2153","1998","4.3",11,1
"2154","1998","4.2",11,2
"2155","1998","4.2",11,3
"2156","1998","4.2",11,4
"2157","1998","4.2",11,5
"2158","1998","4.2",11,6
"2159","1998","4.2",11,7
"2160","1998","4.2",11,8
"2161","1998","4.2",11,9
"2162","1998","4.1",11,10
"2163","1998","4.2",11,11
"2164","1998","4.1",11,12
"2165","1999","4.1",11,1
"2166","1999","4.1",11,2
"2167","1999","4.1",11,3
"2168","1999","4.1",11,4
"2169","1999","4.0",11,5
"2170","1999","4.0",11,6
"2171","1999","3.9",11,7
"2172","1999","3.9",11,8
"2173","1999","3.9",11,9
"2174","1999","3.8",11,10
"2175","1999","3.8",11,11
"2176","1999","3.7",11,12
"2177","2000","3.7",11,1
"2178","2000","3.7",11,2
"2179","2000","3.7",11,3
"2180","2000","3.6",11,4
"2181","2000","3.6",11,5
"2182","2000","3.5",11,6
"2183","2000","3.5",11,7
"2184","2000","3.4",11,8
"2185","2000","3.4",11,9
"2186","2000","3.4",11,10
"2187","2000","3.4",11,11
"2188","2000","3.3",11,12
"2189","2001","3.3",11,1
"2190","2001","3.3",11,2
"2191","2001","3.3",11,3
"2192","2001","3.2",11,4
"2193","2001","3.2",11,5
"2194","2001","3.2",11,6
"2195","2001","3.1",11,7
"2196","2001","3.1",11,8
"2197","2001","3.1",11,9
"2198","2001","3.2",11,10
"2199","2001","3.2",11,11
"2200","2001","3.2",11,12
"2201","2002","3.2",11,1
"2202","2002","3.1",11,2
"2203","2002","3.1",11,3
"2204","2002","3.2",11,4
"2205","2002","3.1",11,5
"2206","2002","3.1",11,6
"2207","2002","3.1",11,7
"2208","2002","3.1",11,8
"2209","2002","3.1",11,9
"2210","2002","3.0",11,10
"2211","2002","3.0",11,11
"2212","2002","3.0",11,12
"2213","2003","3.0",11,1
"2214","2003","3.0",11,2
"2215","2003","3.0",11,3
"2216","2003","3.0",11,4
"2217","2003","3.0",11,5
"2218","2003","3.1",11,6
"2219","2003","3.0",11,7
"2220","2003","3.0",11,8
"2221","2003","3.0",11,9
"2222","2003","3.0",11,10
"2223","2003","3.0",11,11
"2224","2003","3.0",11,12
"2225","2004","2.9",11,1
"2226","2004","2.9",11,2
"2227","2004","2.9",11,3
"2228","2004","2.8",11,4
"2229","2004","2.8",11,5
"2230","2004","2.7",11,6
"2231","2004","2.7",11,7
"2232","2004","2.7",11,8
"2233","2004","2.7",11,9
"2234","2004","2.7",11,10
"2235","2004","2.7",11,11
"2236","2004","2.6",11,12
"2237","2005","2.6",11,1
"2238","2005","2.6",11,2
"2239","2005","2.6",11,3
"2240","2005","2.6",11,4
"2241","2005","2.6",11,5
"2242","2005","2.6",11,6
"2243","2005","2.5",11,7
"2244","2005","2.5",11,8
"2245","2005","2.6",11,9
"2246","2005","2.6",11,10
"2247","2005","2.6",11,11
"2248","2005","2.6",11,12
"2249","2006","2.5",11,1
"2250","2006","2.6",11,2
"2251","2006","2.6",11,3
"2252","2006","2.6",11,4
"2253","2006","2.6",11,5
"2254","2006","2.6",11,6
"2255","2006","2.6",11,7
"2256","2006","2.6",11,8
"2257","2006","2.6",11,9
"2258","2006","2.6",11,10
"2259","2006","2.5",11,11
"2260","2006","2.5",11,12
"2261","2007","2.4",11,1
"2262","2007","2.4",11,2
"2263","2007","2.4",11,3
"2264","2007","2.3",11,4
"2265","2007","2.3",11,5
"2266","2007","2.2",11,6
"2267","2007","2.2",11,7
"2268","2007","2.2",11,8
"2269","2007","2.2",11,9
"2270","2007","2.1",11,10
"2271","2007","2.1",11,11
"2272","2007","2.1",11,12
"2273","2008","2.0",11,1
"2274","2008","2.0",11,2
"2275","2008","2.0",11,3
"2276","2008","2.0",11,4
"2277","2008","2.1",11,5
"2278","2008","2.2",11,6
"2279","2008","2.2",11,7
"2280","2008","2.3",11,8
"2281","2008","2.5",11,9
"2282","2008","2.6",11,10
"2283","2008","2.8",11,11
"2284","2008","2.9",11,12
"2285","2009","3.0",11,1
"2286","2009","3.3",11,2
"2287","2009","3.5",11,3
"2288","2009","3.6",11,4
"2289","1992","10.3",12,1
"2290","1992","10.3",12,2
"2291","1992","10.4",12,3
"2292","1992","10.4",12,4
"2293","1992","10.5",12,5
"2294","1992","10.5",12,6
"2295","1992","10.5",12,7
"2296","1992","10.6",12,8
"2297","1992","10.6",12,9
"2298","1992","10.6",12,10
"2299","1992","10.6",12,11
"2300","1992","10.6",12,12
"2301","1993","10.5",12,1
"2302","1993","10.5",12,2
"2303","1993","10.5",12,3
"2304","1993","10.4",12,4
"2305","1993","10.3",12,5
"2306","1993","10.3",12,6
"2307","1993","10.2",12,7
"2308","1993","10.2",12,8
"2309","1993","10.2",12,9
"2310","1993","10.1",12,10
"2311","1993","10.1",12,11
"2312","1993","10.0",12,12
"2313","1994","9.9",12,1
"2314","1994","9.8",12,2
"2315","1994","9.8",12,3
"2316","1994","9.8",12,4
"2317","1994","9.7",12,5
"2318","1994","9.7",12,6
"2319","1994","9.6",12,7
"2320","1994","9.4",12,8
"2321","1994","9.4",12,9
"2322","1994","9.3",12,10
"2323","1994","9.2",12,11
"2324","1994","9.1",12,12
"2325","1995","9.0",12,1
"2326","1995","8.9",12,2
"2327","1995","8.8",12,3
"2328","1995","8.7",12,4
"2329","1995","8.7",12,5
"2330","1995","8.6",12,6
"2331","1995","8.6",12,7
"2332","1995","8.5",12,8
"2333","1995","8.4",12,9
"2334","1995","8.4",12,10
"2335","1995","8.4",12,11
"2336","1995","8.5",12,12
"2337","1996","8.3",12,1
"2338","1996","8.3",12,2
"2339","1996","8.3",12,3
"2340","1996","8.4",12,4
"2341","1996","8.3",12,5
"2342","1996","8.4",12,6
"2343","1996","8.4",12,7
"2344","1996","8.4",12,8
"2345","1996","8.3",12,9
"2346","1996","7.9",12,10
"2347","1996","7.3",12,11
"2348","1996","7.2",12,12
"2349","1997","6.8",12,1
"2350","1997","6.5",12,2
"2351","1997","6.4",12,3
"2352","1997","6.3",12,4
"2353","1997","6.1",12,5
"2354","1997","5.9",12,6
"2355","1997","5.9",12,7
"2356","1997","5.9",12,8
"2357","1997","5.9",12,9
"2358","1997","5.8",12,10
"2359","1997","5.8",12,11
"2360","1997","5.8",12,12
"2361","1998","5.7",12,1
"2362","1998","5.7",12,2
"2363","1998","5.6",12,3
"2364","1998","5.5",12,4
"2365","1998","5.5",12,5
"2366","1998","5.5",12,6
"2367","1998","5.5",12,7
"2368","1998","5.4",12,8
"2369","1998","5.3",12,9
"2370","1998","5.4",12,10
"2371","1998","5.4",12,11
"2372","1998","5.4",12,12
"2373","1999","5.3",12,1
"2374","1999","5.3",12,2
"2375","1999","5.2",12,3
"2376","1999","5.2",12,4
"2377","1999","5.0",12,5
"2378","1999","4.9",12,6
"2379","1999","4.8",12,7
"2380","1999","4.7",12,8
"2381","1999","4.6",12,9
"2382","1999","4.4",12,10
"2383","1999","4.3",12,11
"2384","1999","4.2",12,12
"2385","2000","4.2",12,1
"2386","2000","4.1",12,2
"2387","2000","4.1",12,3
"2388","2000","4.0",12,4
"2389","2000","4.0",12,5
"2390","2000","3.9",12,6
"2391","2000","3.9",12,7
"2392","2000","3.8",12,8
"2393","2000","3.8",12,9
"2394","2000","3.9",12,10
"2395","2000","3.9",12,11
"2396","2000","3.9",12,12
"2397","2001","3.8",12,1
"2398","2001","3.8",12,2
"2399","2001","3.8",12,3
"2400","2001","3.7",12,4
"2401","2001","3.8",12,5
"2402","2001","3.7",12,6
"2403","2001","3.7",12,7
"2404","2001","3.7",12,8
"2405","2001","3.6",12,9
"2406","2001","3.6",12,10
"2407","2001","3.6",12,11
"2408","2001","3.6",12,12
"2409","2002","3.5",12,1
"2410","2002","3.5",12,2
"2411","2002","3.5",12,3
"2412","2002","3.5",12,4
"2413","2002","3.4",12,5
"2414","2002","3.4",12,6
"2415","2002","3.4",12,7
"2416","2002","3.3",12,8
"2417","2002","3.3",12,9
"2418","2002","3.3",12,10
"2419","2002","3.2",12,11
"2420","2002","3.3",12,12
"2421","2003","3.2",12,1
"2422","2003","3.2",12,2
"2423","2003","3.2",12,3
"2424","2003","3.1",12,4
"2425","2003","3.2",12,5
"2426","2003","3.2",12,6
"2427","2003","3.2",12,7
"2428","2003","3.2",12,8
"2429","2003","3.2",12,9
"2430","2003","3.2",12,10
"2431","2003","3.1",12,11
"2432","2003","3.1",12,12
"2433","2004","3.0",12,1
"2434","2004","3.0",12,2
"2435","2004","2.9",12,3
"2436","2004","2.9",12,4
"2437","2004","2.8",12,5
"2438","2004","2.8",12,6
"2439","2004","2.7",12,7
"2440","2004","2.7",12,8
"2441","2004","2.7",12,9
"2442","2004","2.7",12,10
"2443","2004","2.7",12,11
"2444","2004","2.6",12,12
"2445","2005","2.6",12,1
"2446","2005","2.6",12,2
"2447","2005","2.6",12,3
"2448","2005","2.6",12,4
"2449","2005","2.6",12,5
"2450","2005","2.6",12,6
"2451","2005","2.6",12,7
"2452","2005","2.5",12,8
"2453","2005","2.5",12,9
"2454","2005","2.5",12,10
"2455","2005","2.6",12,11
"2456","2005","2.5",12,12
"2457","2006","2.5",12,1
"2458","2006","2.5",12,2
"2459","2006","2.5",12,3
"2460","2006","2.5",12,4
"2461","2006","2.5",12,5
"2462","2006","2.5",12,6
"2463","2006","2.5",12,7
"2464","2006","2.5",12,8
"2465","2006","2.5",12,9
"2466","2006","2.5",12,10
"2467","2006","2.4",12,11
"2468","2006","2.4",12,12
"2469","2007","2.3",12,1
"2470","2007","2.2",12,2
"2471","2007","2.2",12,3
"2472","2007","2.2",12,4
"2473","2007","2.2",12,5
"2474","2007","2.1",12,6
"2475","2007","2.1",12,7
"2476","2007","2.1",12,8
"2477","2007","2.1",12,9
"2478","2007","2.1",12,10
"2479","2007","2.1",12,11
"2480","2007","2.1",12,12
"2481","2008","2.0",12,1
"2482","2008","2.0",12,2
"2483","2008","2.1",12,3
"2484","2008","2.1",12,4
"2485","2008","2.2",12,5
"2486","2008","2.2",12,6
"2487","2008","2.3",12,7
"2488","2008","2.4",12,8
"2489","2008","2.5",12,9
"2490","2008","2.7",12,10
"2491","2008","3.0",12,11
"2492","2008","3.2",12,12
"2493","2009","3.3",12,1
"2494","2009","3.6",12,2
"2495","2009","3.8",12,3
"2496","2009","4.0",12,4
